{"cameraMode":{"drawMode":0,"name":"Shaded","section":"Shading Mode"},"sceneLighting":false,"audioPlay":false,"sceneViewState":{"showFog":true,"showMaterialUpdate":false,"showSkybox":true,"showFlares":true,"showImageEffects":true,"showParticleSystems":true},"in2DMode":false,"pivot":{"x":1.6200000047683716,"y":0.9559999704360962,"z":5.140999794006348},"rotation":{"x":0.07432644814252854,"y":0.9224025011062622,"z":-0.30612680315971377,"w":0.22574681043624879},"size":25.005762100219728,"orthographic":false}