{"cameraMode":{"drawMode":0,"name":"Shaded","section":"Shading Mode"},"sceneLighting":true,"audioPlay":false,"sceneViewState":{"showFog":true,"showMaterialUpdate":false,"showSkybox":false,"showFlares":true,"showImageEffects":true,"showParticleSystems":true},"in2DMode":false,"pivot":{"x":24.87066650390625,"y":105.72911071777344,"z":62.43389892578125},"rotation":{"x":0.0006240528891794384,"y":0.9994508028030396,"z":-0.022799236699938775,"w":0.0262911356985569},"size":4029.544921875,"orthographic":false}