{"cameraMode":{"drawMode":0,"name":"Shaded","section":"Shading Mode"},"sceneLighting":true,"audioPlay":false,"sceneViewState":{"showFog":true,"showMaterialUpdate":false,"showSkybox":true,"showFlares":true,"showImageEffects":true,"showParticleSystems":true},"in2DMode":false,"pivot":{"x":0.8645517826080322,"y":-1.0073939561843873,"z":2.32000994682312},"rotation":{"x":-0.04297395423054695,"y":-0.9553031325340271,"z":0.23660391569137574,"w":-0.17305123805999757},"size":5.840304374694824,"orthographic":false}