{"cameraMode":{"drawMode":0,"name":"Shaded","section":"Shading Mode"},"sceneLighting":true,"audioPlay":false,"sceneViewState":{"showFog":true,"showMaterialUpdate":false,"showSkybox":true,"showFlares":true,"showImageEffects":true,"showParticleSystems":true},"in2DMode":false,"pivot":{"x":-0.1619962900876999,"y":1.2595293521881104,"z":5.316699504852295},"rotation":{"x":0.034039758145809177,"y":0.9165371060371399,"z":-0.3905383050441742,"w":0.07973004877567291},"size":2.8688740730285646,"orthographic":false}