{"cameraMode":{"drawMode":0,"name":"Shaded","section":"Shading Mode"},"sceneLighting":true,"audioPlay":false,"sceneViewState":{"showFog":true,"showMaterialUpdate":false,"showSkybox":true,"showFlares":true,"showImageEffects":true,"showParticleSystems":true},"in2DMode":false,"pivot":{"x":1.3636032342910767,"y":0.24457857012748719,"z":2.1488888263702394},"rotation":{"x":0.02500547468662262,"y":0.9466509222984314,"z":-0.07570600509643555,"w":0.3124457597732544},"size":5.508838653564453,"orthographic":false}